amount,block_trade_id,block_trade_leg_count,direction,index_price,instrument_name,iv,mark_price,price,tick_direction,timestamp,trade_id,trade_seq
0.1,,,sell,30614.94,BTC-3JUL23-31000-C,40.32,0.00147213,0.001,2,1688342391812,260067305,188
0.1,,,sell,30612.94,BTC-5JUL23-29500-P,41.45,0.00204076,0.002,3,1688342268515,260067274,23
0.1,,,sell,30630.46,BTC-5JUL23-31000-C,39.57,0.00860082,0.008,3,1688342134009,260067228,33
1.0,,,sell,30618.38,BTC-14JUL23-35000-C,53.84,0.00413503,0.004,0,1688342091652,260067192,298
0.4,,,sell,30619.54,BTC-3JUL23-30750-C,44.31,0.00351614,0.0035,1,1688342082665,260067190,304
0.2,,,buy,30618.57,BTC-5JUL23-33000-C,61.37,0.00134737,0.0015,0,1688342052241,260067165,11
17.5,,,buy,30624.09,BTC-7JUL23-31000-C,42.35,0.01423786,0.014,1,1688342028417,260067128,1391
1.0,,,sell,30627.5,BTC-29SEP23-80000-C,78.96,0.00170468,0.0015,3,1688342003564,260067122,668
0.1,,,sell,30612.48,BTC-3JUL23-30750-P,37.26,0.00787215,0.007,0,1688341997428,260067078,52
0.3,,,sell,30599.58,BTC-14JUL23-30500-P,42.83,0.02649679,0.0265,0,1688341913862,260066998,273
0.2,,,buy,30587.06,BTC-14JUL23-31500-C,44.6,0.02045243,0.0205,3,1688341883793,260066987,242
0.2,,,sell,30578.49,BTC-3JUL23-30250-P,37.51,0.00118946,0.001,2,1688341707601,260066897,370
0.4,,,sell,30589.45,BTC-3JUL23-30500-C,43.38,0.0066301,0.007,3,1688341657995,260066887,226
20.0,BLOCK-82959,2,buy,30590.09,BTC-7JUL23-28500-P,46.94,0.00142853,0.0017,0,1688341650346,260066876,537
10.0,BLOCK-82959,2,buy,30590.09,BTC-7JUL23-32000-C,48.77,0.00617072,0.0065,0,1688341650346,260066875,903
1.2,,,buy,30587.49,BTC-3JUL23-30500-P,38.92,0.00374403,0.0035,3,1688341276761,260066765,316
1.7,,,buy,30572.9,BTC-4JUL23-30500-C,40.82,0.01137995,0.0115,2,1688341259923,260066747,106
2.4,,,sell,30568.38,BTC-4JUL23-31250-C,42.5,0.00349796,0.003,3,1688340868448,260066615,26
0.4,,,buy,30573.85,BTC-4JUL23-30500-P,41.2,0.00843767,0.0085,0,1688340798186,260066481,107
0.1,,,buy,30584.97,BTC-28JUL23-30000-P,43.53,0.03403508,0.034,3,1688340784261,260066431,663
0.1,,,sell,30594.22,BTC-5JUL23-30500-P,39.15,0.0108222,0.0105,2,1688340533635,260066254,34
4.1,,,buy,30582.93,BTC-4JUL23-30750-C,39.88,0.00793794,0.0075,3,1688340318058,260066192,132
1.9,,,buy,30569.62,BTC-14JUL23-32000-C,46.01,0.01571984,0.016,2,1688340310037,260066157,316
0.1,,,sell,30570.37,BTC-4JUL23-29750-P,39.94,0.0018326,0.0015,1,1688340273651,260066147,36
4.5,,,buy,30577.29,BTC-14JUL23-32500-C,47.21,0.01239705,0.0125,0,1688340023026,260066016,424
0.1,,,buy,30583.75,BTC-14JUL23-31000-P,43.79,0.0355756,0.036,0,1688339861637,260065872,213
7.9,,,sell,30582.42,BTC-14JUL23-30500-C,42.95,0.03357251,0.0335,1,1688339796579,260065773,540
3.0,,,sell,30588.01,BTC-5JUL23-30750-C,39.5,0.01147487,0.011,2,1688339795399,260065756,25
0.5,,,sell,30607.69,BTC-3JUL23-31250-C,45.56,0.00067299,0.0005,2,1688339690604,260065434,161
0.1,,,buy,30618.42,BTC-21JUL23-31000-P,44.07,0.04304029,0.0435,1,1688339502931,260065362,68
0.1,,,sell,30613.64,BTC-28JUL23-27000-P,45.85,0.00823852,0.008,2,1688339453413,260065321,1570
23.0,,,buy,30614.95,BTC-14JUL23-27500-P,46.0,0.00290644,0.003,3,1688339202371,260064971,247
1.0,,,buy,30614.87,BTC-7JUL23-28000-P,49.79,0.00079232,0.001,3,1688339187229,260064956,595
2.0,,,buy,30584.71,BTC-3JUL23-30000-P,43.9,0.00066908,0.0005,3,1688339141122,260064842,254
2.0,,,buy,30599.33,BTC-28JUL23-31000-P,44.15,0.05047784,0.0505,0,1688339135130,260064811,535
3.0,,,buy,30624.72,BTC-7JUL23-32500-C,50.72,0.0042127,0.0045,0,1688339001134,260064633,356
0.1,,,sell,30628.67,BTC-21JUL23-35000-C,51.13,0.00786403,0.008,1,1688338969676,260064613,108
1.0,,,buy,30653.18,BTC-4JUL23-31000-C,42.47,0.00630154,0.006,0,1688338844565,260064505,53
2.1,,,buy,30652.02,BTC-14JUL23-31000-C,43.21,0.02685445,0.027,0,1688338801096,260064488,242
0.1,,,sell,30648.19,BTC-7JUL23-33000-C,52.38,0.00305842,0.003,0,1688338708864,260064457,758
0.3,,,buy,30641.38,BTC-28JUL23-32000-C,45.66,0.03207628,0.032,0,1688338685388,260064443,1778
1.0,,,buy,30629.81,BTC-14JUL23-33000-C,48.08,0.00983915,0.01,1,1688338669862,260064424,358
0.1,,,buy,30627.52,BTC-28JUL23-46000-C,68.38,0.00088772,0.001,0,1688338575979,260064375,161
0.9,,,sell,30628.68,BTC-21JUL23-33500-C,47.48,0.01346062,0.0135,0,1688338567477,260064372,50
0.1,,,sell,30622.37,BTC-4JUL23-31500-C,46.01,0.00285406,0.0025,2,1688338537979,260064333,33
0.1,,,buy,30627.72,BTC-21JUL23-30500-P,43.15,0.03374848,0.034,2,1688338433371,260064253,85
3.0,,,buy,30622.8,BTC-5JUL23-30750-P,43.25,0.01471556,0.0155,2,1688338385215,260064196,12
0.7,,,sell,30619.84,BTC-4JUL23-30000-P,39.21,0.00281479,0.0025,1,1688338371515,260064187,41
0.1,,,buy,30631.41,BTC-5JUL23-30500-C,42.52,0.01557517,0.0165,0,1688338316560,260064082,17
0.2,,,sell,30612.72,BTC-28JUL23-40000-C,59.46,0.00368811,0.0035,1,1688338231068,260064000,737
1.0,,,buy,30608.77,BTC-14JUL23-29500-P,42.45,0.01332307,0.0135,0,1688338224316,260063991,257
0.1,,,sell,30577.68,BTC-21JUL23-33500-P,47.05,0.10372675,0.1035,2,1688338147153,260063885,10
0.1,,,sell,30574.37,BTC-21JUL23-31500-P,44.06,0.05405472,0.054,2,1688338101274,260063859,56
0.1,,,sell,30572.48,BTC-21JUL23-35000-P,50.23,0.14687048,0.147,2,1688338099736,260063857,10
0.1,,,sell,30564.74,BTC-21JUL23-33000-P,46.81,0.09028293,0.0905,2,1688338096568,260063854,12
0.8,,,buy,30563.53,BTC-28JUL23-31000-C,43.79,0.04232337,0.042,1,1688338084841,260063819,2548
0.1,,,sell,30569.99,BTC-21JUL23-27500-P,43.56,0.0065814,0.006,2,1688338071852,260063746,39
0.1,,,buy,30565.54,BTC-4JUL23-30750-P,42.14,0.01284752,0.013,0,1688338066628,260063739,33
0.1,,,sell,30606.89,BTC-7JUL23-31000-P,42.71,0.0247144,0.0245,0,1688337940466,260063566,366
0.4,,,buy,30589.39,BTC-7JUL23-35000-C,65.77,0.00065362,0.001,1,1688337920048,260063528,592
1.0,,,buy,30571.96,BTC-4JUL23-29000-P,50.09,0.00024631,0.0005,3,1688337899302,260063491,36
0.2,,,buy,30565.63,BTC-4JUL23-32000-C,55.25,0.00111538,0.0015,1,1688337873990,260063420,48
0.3,,,buy,30561.53,BTC-5JUL23-31250-C,43.6,0.0058396,0.006,0,1688337862944,260063411,16
0.1,,,buy,30538.58,BTC-5JUL23-32500-C,53.23,0.00136961,0.0015,1,1688337820298,260063279,7
0.1,,,buy,30514.6,BTC-29SEP23-31000-P,45.65,0.09000839,0.0905,0,1688337816208,260063253,236
0.2,,,sell,30496.76,BTC-21JUL23-26500-P,46.35,0.00366474,0.0035,1,1688337812325,260063216,47
0.2,,,sell,30515.69,BTC-7JUL23-30500-C,39.4,0.01866891,0.0185,2,1688337800460,260062883,760
0.3,,,buy,30510.7,BTC-7JUL23-30000-C,40.1,0.0278452,0.0285,2,1688337800101,260062878,1105
0.1,,,sell,30515.86,BTC-7JUL23-30000-P,40.61,0.0102204,0.01,0,1688337797992,260062777,814
0.3,,,buy,30515.86,BTC-7JUL23-31500-C,45.81,0.00823074,0.0085,3,1688337797606,260062758,695
0.3,,,buy,30462.45,BTC-4JUL23-31000-P,50.69,0.01973545,0.0215,0,1688337795016,260062592,3
0.3,,,buy,30462.45,BTC-5JUL23-30250-P,41.73,0.00794495,0.009,0,1688337795006,260062591,25
0.3,,,buy,30471.33,BTC-4JUL23-30250-P,43.22,0.00570165,0.0065,0,1688337793588,260062454,45
0.2,,,buy,30471.33,BTC-14JUL23-26500-P,48.17,0.00146341,0.0015,3,1688337793487,260062453,141
0.3,,,buy,30476.24,BTC-5JUL23-30000-P,43.61,0.00538463,0.006,0,1688337793315,260062449,18
0.1,,,sell,30504.1,BTC-21JUL23-31500-C,42.77,0.02869693,0.0275,2,1688337792116,260062343,89
1.0,,,buy,30520.14,BTC-29SEP23-32000-P,46.17,0.1083661,0.1095,2,1688337789823,260062026,87
0.2,,,sell,30545.19,BTC-29SEP23-50000-C,61.11,0.0091079,0.009,3,1688337788815,260061900,1246
0.1,,,sell,30545.19,BTC-21JUL23-32000-C,44.15,0.0235671,0.023,2,1688337788806,260061899,98
0.6,,,buy,30563.87,BTC-29SEP23-20000-P,56.64,0.0056584,0.0055,3,1688337787829,260061718,1199
0.2,,,buy,30595.12,BTC-4JUL23-33000-C,65.19,0.00026773,0.0005,3,1688337766415,260061502,9
0.1,,,sell,30585.5,BTC-14JUL23-37000-C,53.84,0.00158079,0.001,2,1688337745444,260061428,206
0.2,,,sell,30608.77,BTC-7JUL23-34000-C,58.1,0.00142753,0.0015,1,1688337727407,260061070,702
0.1,,,sell,30603.54,BTC-29SEP23-25000-P,46.99,0.0203993,0.0195,2,1688337725206,260061047,936
0.1,,,buy,30607.07,BTC-29DEC23-21000-P,53.55,0.02197555,0.022,0,1688337719045,260060902,333
0.5,,,sell,30643.71,BTC-3JUL23-30250-C,34.04,0.01551539,0.015,3,1688337717148,260060780,62
20.0,,,buy,30710.08,BTC-25AUG23-28000-P,44.71,0.02707264,0.0275,2,1688337684031,260060460,457
0.6,,,buy,30720.14,BTC-14JUL23-31500-P,44.41,0.0432469,0.0435,1,1688337668786,260060431,129
0.1,,,buy,30755.16,BTC-3JUL23-34500-C,174.67,1e-08,0.0005,3,1688337557879,260060303,6
0.3,,,buy,30738.0,BTC-21JUL23-29000-P,43.01,0.01431673,0.0145,2,1688337513345,260060287,71
0.3,,,sell,30745.38,BTC-5JUL23-31500-C,43.32,0.00539844,0.0055,0,1688337487005,260060255,10
0.1,,,buy,30746.06,BTC-21JUL23-40000-C,59.32,0.00140972,0.0015,3,1688337399527,260060160,24
0.3,,,sell,30726.06,BTC-29SEP23-32000-C,46.21,0.07866836,0.079,0,1688337366337,260060099,1153
6.6,,,buy,30723.05,BTC-21JUL23-28500-P,42.99,0.01026589,0.0105,2,1688337359101,260060079,34
0.1,,,buy,30750.64,BTC-21JUL23-28000-P,43.54,0.00740091,0.0075,2,1688337347854,260060020,61
0.1,,,sell,30756.8,BTC-28JUL23-30000-C,43.25,0.06169825,0.0615,0,1688337346460,260060013,2526
10.0,,,buy,30782.33,BTC-14JUL23-33500-C,48.89,0.00790963,0.0085,1,1688337332824,260059960,245
0.1,,,sell,30744.24,BTC-14JUL23-28500-P,42.9,0.00547372,0.0055,2,1688337242804,260059761,215
0.1,,,sell,30736.43,BTC-4JUL23-29500-P,41.28,0.00059023,0.0005,2,1688337165996,260059549,31
0.5,,,sell,30737.34,BTC-14JUL23-36000-C,54.91,0.00273198,0.0025,1,1688337125075,260059447,262
0.1,,,buy,30696.03,BTC-21JUL23-30000-P,42.1,0.02500788,0.025,3,1688337000298,260059256,120
0.1,,,buy,30714.84,BTC-28JUL23-24000-P,54.4,0.00180986,0.002,3,1688336991787,260059219,1713
0.1,,,sell,30714.84,BTC-25AUG23-22000-P,54.1,0.00381183,0.0035,2,1688336991771,260059218,325
0.1,,,sell,30723.51,BTC-14JUL23-34000-C,49.13,0.00616869,0.006,1,1688336985788,260059197,358
0.1,,,sell,30761.03,BTC-7JUL23-36000-C,66.89,0.00083188,0.0005,3,1688336915445,260059019,326
0.1,,,buy,30757.78,BTC-25AUG23-29000-P,44.07,0.03661505,0.037,3,1688336903220,260058989,284
0.8,,,sell,30748.77,BTC-28JUL23-25000-P,51.25,0.00281828,0.003,3,1688336865058,260058825,2094
0.2,,,sell,30750.72,BTC-28JUL23-44000-C,65.08,0.00151096,0.0015,3,1688336863052,260058808,303
0.1,,,buy,30771.88,BTC-21JUL23-29000-C,44.52,0.07424733,0.076,0,1688336851113,260058543,7
0.2,,,buy,30762.36,BTC-29DEC23-27000-C,48.29,0.20961821,0.21,0,1688336850220,260058490,185
0.1,,,buy,30762.36,BTC-28JUL23-28000-C,44.39,0.10489177,0.107,0,1688336849984,260058457,1401
0.1,,,buy,30719.49,BTC-25AUG23-40000-C,54.92,0.0129522,0.013,0,1688336849757,260058447,992
0.1,,,buy,30719.49,BTC-21JUL23-28000-C,46.79,0.09948729,0.1015,0,1688336849739,260058445,5
0.2,,,sell,30719.49,BTC-7JUL23-29000-P,44.31,0.0023441,0.0025,3,1688336849303,260058397,630
0.1,,,buy,30698.58,BTC-21JUL23-32500-C,45.43,0.01968991,0.02,0,1688336847485,260058196,86
0.1,,,buy,30692.37,BTC-21JUL23-30500-C,42.87,0.04298767,0.0435,0,1688336846657,260058059,165
0.2,,,buy,30661.3,BTC-25AUG23-25000-P,48.08,0.01007364,0.01,2,1688336820721,260057855,871
0.4,,,buy,30610.32,BTC-28JUL23-35000-C,51.79,0.01353681,0.0135,0,1688336167912,260057217,1085
1.5,,,sell,30573.56,BTC-29DEC23-25000-P,49.73,0.04851984,0.048,1,1688335926492,260057060,480
0.1,,,sell,30555.67,BTC-25AUG23-23000-P,51.26,0.00553366,0.005,2,1688335162505,260056599,663
0.7,,,sell,30571.35,BTC-14JUL23-28500-C,42.76,0.07725824,0.0775,1,1688334822131,260056405,27
0.2,,,buy,30563.12,BTC-25AUG23-26000-P,46.35,0.01461455,0.0145,0,1688334173656,260056221,569
2.1,,,sell,30594.53,BTC-29SEP23-26000-P,47.32,0.02724799,0.0275,3,1688332567458,260055661,664
2.7,,,sell,30599.06,BTC-14JUL23-29000-P,41.66,0.00900733,0.009,2,1688332444106,260055613,442
0.1,,,buy,30581.17,BTC-29DEC23-29000-C,47.88,0.1695999,0.1695,1,1688332085363,260055480,376
1.6,,,buy,30595.56,BTC-29SEP23-40000-C,52.46,0.02520282,0.025,2,1688331961290,260055467,2429
0.1,,,buy,30611.73,BTC-28JUL23-38000-C,57.9,0.00572184,0.0065,0,1688330992397,260055058,1125
0.2,,,sell,30614.18,BTC-28JUL23-29000-P,44.02,0.02166471,0.022,3,1688330920334,260054999,880
1.0,,,sell,30583.97,BTC-28JUL23-50000-C,73.76,0.00072242,0.0005,3,1688330438728,260054723,123
1.0,,,sell,30586.83,BTC-25AUG23-30000-P,43.25,0.05294474,0.052,3,1688330341784,260054704,503
2.0,,,sell,30579.92,BTC-28JUL23-28000-P,44.97,0.01346127,0.014,0,1688330127695,260054647,994
0.1,,,buy,30556.69,BTC-25AUG23-34000-C,47.81,0.03578716,0.036,0,1688328964198,260054403,969
0.1,,,sell,30556.07,BTC-28JUN24-55000-C,56.96,0.06822898,0.066,2,1688328770590,260054398,6
0.1,,,buy,30551.37,BTC-28JUN24-41000-C,52.45,0.12219069,0.12,2,1688328741884,260054375,2
0.1,,,buy,30550.69,BTC-28JUN24-40000-C,52.21,0.12831297,0.1265,0,1688328724509,260054370,35
0.2,,,buy,30541.84,BTC-28JUN24-21000-P,52.29,0.05049422,0.0485,2,1688328588417,260054323,8
0.4,,,buy,30534.02,BTC-29SEP23-17000-P,65.85,0.00288998,0.003,1,1688328549829,260054318,713
0.9,,,buy,30526.64,BTC-29SEP23-18000-P,62.0,0.00341201,0.0035,2,1688328527179,260054304,820
0.2,,,buy,30541.84,BTC-28JUN24-20000-P,52.78,0.04277228,0.041,2,1688328489259,260054290,16
0.1,,,sell,30559.73,BTC-28JUN24-22000-P,51.44,0.0588361,0.056,2,1688328473456,260054114,4
0.1,,,sell,30558.1,BTC-25AUG23-20000-P,61.78,0.00246395,0.0025,1,1688327917636,260054036,375
0.1,,,sell,30557.2,BTC-25AUG23-19000-P,65.55,0.00195654,0.002,3,1688327907707,260054035,224
0.1,,,buy,30556.09,BTC-25AUG23-18000-P,68.75,0.0013384,0.0015,3,1688327891637,260054032,305
0.1,,,buy,30557.35,BTC-28JUN24-45000-C,54.01,0.10084118,0.1,0,1688327785379,260054021,7
1.1,,,sell,30553.63,BTC-14JUL23-28000-P,44.03,0.00445561,0.0045,3,1688327530298,260053979,259
0.1,,,buy,30559.51,BTC-28JUN24-50000-C,55.11,0.08156869,0.079,2,1688327512973,260053975,8
0.1,,,sell,30548.49,BTC-28JUN24-10000-P,69.45,0.0068726,0.007,2,1688327379294,260053920,21
0.2,,,sell,30552.77,BTC-28JUL23-26000-P,47.64,0.00521174,0.005,2,1688327274324,260053832,1694
0.1,,,sell,30550.47,BTC-25AUG23-27000-P,44.67,0.0205275,0.02,2,1688327166528,260053830,687
1.0,,,sell,30539.5,BTC-28JUL23-26000-C,49.64,0.15832263,0.159,2,1688325748927,260053557,847
0.2,,,sell,30537.12,BTC-25AUG23-46000-C,62.1,0.00550817,0.0055,3,1688324617567,260053384,163
0.1,,,buy,30523.89,BTC-25AUG23-48000-C,63.36,0.00399189,0.004,3,1688324305318,260053316,83
0.1,,,sell,30476.68,BTC-7JUL23-30500-P,40.81,0.01737484,0.0175,1,1688323402140,260053144,594
0.1,,,sell,30473.7,BTC-5JUL23-33500-C,57.56,0.00060131,0.0005,3,1688323208271,260053132,8
0.1,,,sell,30459.59,BTC-29SEP23-38000-C,50.74,0.03218274,0.0315,2,1688322215185,260052771,513
1.0,,,buy,30490.28,BTC-5JUL23-32000-C,48.23,0.00188424,0.0025,0,1688321982643,260052733,5
0.1,,,sell,30504.31,BTC-29SEP23-27000-P,45.6,0.03600822,0.035,2,1688321837894,260052630,594
0.1,,,sell,30492.29,BTC-29SEP23-28000-P,45.22,0.04596046,0.0455,3,1688321827338,260052602,492
9.4,,,buy,30375.51,BTC-21JUL23-25500-P,47.99,0.00189683,0.002,3,1688321046622,260052071,20
0.1,,,sell,30417.72,BTC-14JUL23-27000-P,42.08,0.00215219,0.0015,2,1688320924064,260051948,122
8.5,,,buy,30422.52,BTC-21JUL23-25000-P,49.86,0.00132546,0.0015,3,1688320861190,260051848,34
0.1,,,sell,30497.37,BTC-28JUL23-36000-C,52.9,0.00984018,0.0095,3,1688320378336,260051266,1134
0.3,,,buy,30526.24,BTC-5JUL23-28500-P,45.33,0.00037488,0.0005,1,1688318704297,260050796,8
1.0,,,buy,30536.15,BTC-29DEC23-31000-P,47.61,0.12704449,0.1265,0,1688318608026,260050415,55
0.1,,,sell,30552.99,BTC-29SEP23-31000-C,45.93,0.08965292,0.09,1,1688318529242,260050184,937
0.8,,,sell,30550.84,BTC-28JUL23-34000-C,49.69,0.0174583,0.0175,1,1688318491573,260050179,1409
1.5,,,buy,30555.41,BTC-25AUG23-31000-P,44.27,0.06984987,0.07,0,1688318475725,260050164,198
0.8,,,buy,30573.15,BTC-21JUL23-38000-C,55.2,0.00254531,0.0025,3,1688317248676,260049897,32
9.8,,,buy,30569.57,BTC-29SEP23-35000-C,48.18,0.04946674,0.049,3,1688317158256,260049881,1962
0.5,,,sell,30584.36,BTC-21JUL23-27000-P,43.42,0.00448205,0.004,2,1688316865107,260049822,27
0.6,,,buy,30584.09,BTC-29DEC23-33000-P,48.28,0.16637139,0.165,2,1688316355433,260049684,40
0.2,,,buy,30576.6,BTC-29DEC23-30000-P,48.83,0.10983126,0.112,2,1688315851590,260049526,214
4.6,,,buy,30621.53,BTC-4JUL23-32500-C,48.9,0.00048127,0.0005,3,1688315135176,260048962,9
0.3,,,sell,30615.12,BTC-29DEC23-60000-C,62.52,0.01805701,0.0185,1,1688314944189,260048782,722
0.3,,,buy,30637.61,BTC-21JUL23-29500-P,42.37,0.01996212,0.02,3,1688314744147,260048489,56
0.1,,,buy,30655.41,BTC-25AUG23-31000-C,44.64,0.06720011,0.0675,0,1688314718967,260048157,949
0.7,,,buy,30587.88,BTC-28JUN24-70000-C,62.45,0.04191903,0.0445,3,1688314667369,260047704,4
0.1,,,buy,30567.97,BTC-29SEP23-37000-C,50.18,0.03724803,0.0375,1,1688314634128,260047587,432
0.1,,,sell,30570.06,BTC-14JUL23-30000-P,40.31,0.01897657,0.0185,2,1688314542221,260047457,294
0.1,,,buy,30501.86,BTC-21JUL23-31000-C,43.09,0.03377702,0.0335,2,1688312786402,260046400,109
0.1,,,sell,30493.04,BTC-29MAR24-27000-P,50.39,0.09621118,0.0965,2,1688312722988,260046353,43
0.1,,,buy,30462.95,BTC-29MAR24-20000-P,55.6,0.03259303,0.034,0,1688312641522,260046284,100
0.3,,,sell,30517.46,BTC-5JUL23-29750-P,37.0,0.00306655,0.0035,3,1688312355421,260045903,7
1.0,,,buy,30499.29,BTC-28JUL23-33000-C,47.87,0.02271687,0.023,0,1688312270880,260045795,1264
0.1,,,buy,30485.26,BTC-21JUL23-36000-C,52.13,0.00490405,0.005,0,1688312170038,260045612,68
0.3,,,buy,30448.78,BTC-29DEC23-50000-C,57.9,0.03032316,0.031,0,1688312056689,260045419,1036
0.2,,,sell,30448.07,BTC-7JUL23-29500-P,40.38,0.00590971,0.006,2,1688311707811,260044814,647
0.4,,,sell,30439.86,BTC-29SEP23-10000-P,91.4,0.00072505,0.0005,3,1688311695260,260044785,441
0.3,,,buy,30385.24,BTC-29DEC23-38000-C,51.3,0.07129869,0.072,0,1688311557754,260044275,222
0.3,,,buy,30379.1,BTC-25AUG23-33000-C,46.96,0.04190322,0.0425,2,1688311547847,260044237,570
0.3,,,buy,30279.36,BTC-4JUL23-30250-C,35.49,0.00977051,0.0105,0,1688311504927,260044056,6
0.3,,,buy,30266.3,BTC-4JUL23-30000-C,37.85,0.01326294,0.0145,2,1688311483527,260043916,4
0.3,,,buy,30266.3,BTC-5JUL23-30250-C,36.9,0.01118371,0.0125,3,1688311482722,260043893,7
1.0,,,sell,30209.88,BTC-3JUL23-30000-C,21.48,0.01090757,0.01,2,1688311467533,260043392,32
0.3,,,buy,30270.76,BTC-14JUL23-30000-C,40.73,0.0351198,0.0355,1,1688311463125,260043194,228
0.3,,,buy,30277.05,BTC-21JUL23-30000-C,43.05,0.04335996,0.0445,0,1688311459166,260043054,34
0.1,,,buy,30244.63,BTC-28JUN24-32000-P,50.91,0.20337187,0.2035,2,1688311450656,260042474,13
10.0,,,buy,30279.83,BTC-3JUL23-29750-P,34.19,0.00055366,0.0005,3,1688311441783,260041845,103
0.1,,,buy,30297.91,BTC-29SEP23-24000-P,49.14,0.01714306,0.017,1,1688311440903,260041772,662
0.1,,,buy,30319.61,BTC-29MAR24-25000-P,50.93,0.07300965,0.074,0,1688311439901,260041640,83
0.1,,,buy,30319.61,BTC-29MAR24-30000-P,49.67,0.14416816,0.144,2,1688311439713,260041580,63
0.1,,,buy,30342.38,BTC-29DEC23-23000-P,50.61,0.03263274,0.033,0,1688311439031,260041510,220
0.1,,,buy,30363.12,BTC-21JUL23-32000-P,46.7,0.06830777,0.0705,2,1688311411155,260040936,19
0.1,,,buy,30429.63,BTC-29DEC23-29000-P,47.58,0.09517937,0.0955,3,1688311407765,260040635,98
0.1,,,buy,30464.55,BTC-29SEP23-30000-P,45.28,0.07373811,0.074,0,1688311395954,260040382,679
1.0,,,sell,30481.21,BTC-29DEC23-36000-C,50.26,0.08592337,0.0865,2,1688311394336,260040338,174
1.0,,,buy,30505.65,BTC-28JUL23-33000-P,47.32,0.09809253,0.099,0,1688311388108,260040246,25
3.2,,,sell,30511.49,BTC-25AUG23-32000-C,45.55,0.05272757,0.053,3,1688311387696,260040150,1394
0.8,,,buy,30611.71,BTC-21JUL23-33000-C,46.08,0.01562706,0.016,0,1688310084338,260039344,40
0.1,,,sell,30604.86,BTC-29SEP23-19000-P,58.26,0.00466574,0.004,3,1688310050859,260039315,1206
1.0,,,sell,30594.95,BTC-29DEC23-32000-C,47.62,0.12424431,0.1245,3,1688309793748,260039255,281
0.1,,,buy,30603.9,BTC-25AUG23-36000-C,50.54,0.02533436,0.0255,1,1688309612287,260039162,1031
3.1,,,sell,30569.66,BTC-5JUL23-29000-P,35.92,0.00086942,0.0005,1,1688309208914,260038910,3
0.1,,,buy,30563.37,BTC-29SEP23-33000-C,46.59,0.06557272,0.0655,3,1688308905304,260038529,888
0.1,,,buy,30520.29,BTC-29DEC23-40000-C,51.66,0.06040587,0.0605,3,1688308522566,260038319,1673
0.1,,,buy,30526.63,BTC-29DEC23-45000-C,54.89,0.04132781,0.0425,0,1688308399888,260038240,970
5.0,,,buy,30499.58,BTC-29DEC23-34000-P,48.68,0.18765417,0.189,2,1688308030361,260037693,3
1.7,,,sell,30521.43,BTC-14JUL23-39000-C,65.85,0.00091355,0.001,0,1688307004412,260037532,62
0.8,,,buy,30511.75,BTC-25AUG23-38000-C,52.91,0.01736716,0.0175,2,1688305751308,260037433,516
5.0,,,buy,30503.07,BTC-29DEC23-39000-C,51.12,0.06504478,0.0655,2,1688305061299,260037258,205
0.1,,,sell,30505.74,BTC-29SEP23-45000-C,56.72,0.01447715,0.014,2,1688304964788,260037255,1021
0.1,,,sell,30504.96,BTC-29DEC23-20000-P,54.05,0.01824384,0.0175,2,1688304789208,260037242,680
5.0,,,sell,30496.85,BTC-29MAR24-35000-P,50.76,0.24170138,0.2405,2,1688304201812,260037168,8
2.0,,,buy,30526.37,BTC-28JUL23-22000-P,60.84,0.00072669,0.001,3,1688302847401,260036847,767
4.0,,,sell,30553.48,BTC-29MAR24-32000-C,49.95,0.16776456,0.1655,0,1688300267806,260036433,98
0.1,,,sell,30536.02,BTC-14JUL23-25500-P,48.38,0.00071365,0.0005,2,1688298949977,260035902,87
0.2,,,sell,30534.58,BTC-28JUL23-45000-C,65.22,0.00122096,0.001,3,1688298786373,260035860,143
1.0,,,buy,30526.74,BTC-29DEC23-26000-P,48.38,0.05622046,0.0565,2,1688298106679,260035660,296
0.1,,,buy,30525.46,BTC-29MAR24-90000-C,68.3,0.01464432,0.0145,2,1688298072445,260035656,10
0.1,,,sell,30526.19,BTC-29SEP23-55000-C,64.73,0.00579458,0.006,1,1688298004365,260035653,644
5.0,,,buy,30523.26,BTC-29SEP23-36000-C,49.02,0.04288083,0.042,2,1688296774296,260035499,385
5.0,,,buy,30523.26,BTC-29SEP23-34000-C,47.37,0.05692353,0.056,2,1688296774256,260035498,655
2.0,,,buy,30517.66,BTC-7JUL23-26500-P,60.76,0.00045099,0.0005,3,1688296543520,260035397,383
0.2,,,buy,30515.58,BTC-25AUG23-21000-P,58.99,0.00336537,0.0035,0,1688295305657,260035311,429
0.1,,,buy,30521.56,BTC-29MAR24-15000-P,60.51,0.01244266,0.012,3,1688294860184,260035213,118
0.3,,,sell,30510.02,BTC-3JUL23-31500-C,39.26,0.00063147,0.0005,3,1688288889424,260034118,137
0.3,,,sell,30500.72,BTC-7JUL23-27500-P,46.33,0.0007316,0.0005,2,1688288493354,260034035,357
0.2,,,buy,30496.1,BTC-28JUN24-28000-P,50.02,0.12919343,0.129,0,1688288387907,260033927,11
5.0,,,sell,30497.11,BTC-25AUG23-35000-C,49.05,0.0297345,0.0295,3,1688288355224,260033913,204
1.1,,,sell,30508.55,BTC-28JUL23-23000-P,57.02,0.00145536,0.0015,3,1688287657597,260033815,1078
0.1,,,sell,30501.33,BTC-29DEC23-15000-P,61.82,0.00686304,0.0055,3,1688287236952,260033583,359
5.0,,,buy,30529.57,BTC-3JUL23-33000-C,79.54,4.019e-05,0.0005,3,1688286569895,260033010,58
1.0,,,sell,30529.29,BTC-14JUL23-25000-P,52.48,0.00071499,0.0005,3,1688286172052,260032920,108
0.2,,,sell,30543.73,BTC-25AUG23-16000-P,77.02,0.00096946,0.001,2,1688286048519,260032826,163
2.5,,,sell,30510.41,BTC-2JUL23-30500-C,29.32,0.00041379,0.0005,3,1688284587800,260031617,511
0.7,,,sell,30510.39,BTC-2JUL23-30500-P,21.6,0.00045504,0.0005,3,1688283017245,260030372,411
0.5,,,buy,30506.06,BTC-28JUN24-34000-C,50.27,0.18072304,0.1735,2,1688282846338,260030339,5
0.9,,,buy,30487.97,BTC-7JUL23-25500-P,72.93,0.00015736,0.0005,3,1688281627976,260030098,259
0.2,,,buy,30498.28,BTC-14JUL23-32000-P,43.3,0.06028093,0.06,1,1688279145810,260029265,100
0.1,,,buy,30491.14,BTC-25AUG23-42000-C,59.29,0.00973789,0.0105,0,1688278600982,260029162,277
0.4,,,buy,30487.98,BTC-2JUL23-30250-P,50.1,6.47e-05,0.0005,3,1688278198388,260029083,320
0.1,,,sell,30498.07,BTC-25AUG23-24000-P,50.21,0.00824949,0.008,2,1688276941407,260028536,637
0.1,,,sell,30514.81,BTC-21JUL23-34000-C,46.92,0.01063209,0.01,3,1688273441920,260027754,105
1.2,,,buy,30512.18,BTC-2JUL23-30750-C,34.04,0.00063276,0.0005,3,1688271085200,260027230,423
0.2,,,sell,30482.68,BTC-29DEC23-33000-C,50.31,0.11580276,0.118,0,1688270589779,260026973,274
0.1,,,sell,30534.13,BTC-29DEC23-31000-C,37.38,0.13964818,0.109,2,1688267738065,260025904,184
0.2,,,sell,30543.98,BTC-29SEP23-29000-P,45.93,0.06015037,0.0595,2,1688267670276,260025871,355
1.0,,,sell,30541.74,BTC-29SEP23-21000-P,55.55,0.00846517,0.008,3,1688267462398,260025825,776
1.0,,,buy,30602.55,BTC-2JUL23-31250-C,59.22,5.904e-05,0.0005,3,1688265797556,260025383,190
3.9,,,buy,30580.66,BTC-3JUL23-31750-C,45.84,0.00056918,0.001,3,1688265448338,260025197,39
0.1,,,buy,30586.47,BTC-3JUL23-32000-C,45.57,0.00039775,0.0005,3,1688265307145,260025173,70
0.1,,,buy,30574.58,BTC-25AUG23-45000-C,61.01,0.00671209,0.0065,0,1688264500370,260024817,206
0.3,,,sell,30556.35,BTC-2JUL23-30000-C,37.19,0.01843508,0.0185,3,1688264316375,260023883,73
0.1,,,buy,30570.08,BTC-21JUL23-39000-C,57.23,0.00194665,0.002,3,1688263921865,260023612,41
0.3,,,buy,30565.24,BTC-29SEP23-65000-C,70.45,0.00321378,0.003,3,1688263815774,260023580,246
1.0,,,buy,30585.28,BTC-21JUL23-37000-C,54.1,0.00347132,0.004,1,1688261021127,260022954,67
0.2,,,sell,30575.15,BTC-2JUL23-31000-C,37.48,0.00032031,0.0005,3,1688259457294,260022365,233
0.1,,,sell,30589.28,BTC-14JUL23-26000-P,48.49,0.00123098,0.001,2,1688259030652,260022218,92
0.3,,,sell,30571.21,BTC-2JUL23-30250-C,17.24,0.01137459,0.011,3,1688257964891,260021432,112
0.9,,,buy,30589.58,BTC-28JUN24-95000-C,66.93,0.02447646,0.024,1,1688257719434,260020804,6
2.0,,,buy,30585.23,BTC-7JUL23-27000-P,52.14,0.00071878,0.0005,3,1688256538467,260020011,345
